Order_ID,Order_Date,Customer_Name,Customer_Type,Product_Name,Category,Region,City,State,Purchage_Value,Quantity,Sales,Discount,Profit,Payment_mode,Order_Status
1001,5/1/2026,Ansh,Existing,Laptop,Unknown,North,Ramnagar,Uttrakhand,200000,10,220000.0,20,20000,UPI,Completed
1002,8/1/2026,Deepak,New,Chair,Furniture,North,Kashipur,Uttrakhand,1000,5,1500.0,10,500,UPI,Completed
1003,12/1/2026,kamlesh,New,office_Chair,Furniture,North,Nainital,Uttrakhand,30000,34,,40,4000,Cash,Completed
1004,15/01/2026,Kartik,New,Chaire,Furniture,East,Patna,Bihar,85000,34,90000.0,50,5000,Cash,Completed
1005,18/01/2026,Anurag,Existing,office_Chair,Furniture,East,Chhapra,Bihar,1500,2,2000.0,5,500,Cash,Completed
1006,20/01/2026,Akhilesh,New,Laptop,Unknown,West,Nagaur,Rajsthan,6000,4,80000.0,15,2000,Cash,Completed
1007,3/2/2026,Naman,New,Mouse,Electronics,West,Jaypur,Rajsthan,2000,25,2500.0,25,500,Cash,Completed
1008,5/2/2026,Neetu,New,Mouse,Electronics,North,Shimla,Himanchal_Pradesh,650,7,700.0,33,50,UPI,Completed
1009,15/02/2026,Nayna,Existing,Mouse,Electronics,North,Ranikhet,Uttrakhand,150,2,200.0,10,40,UPI,Completed
1010,25/02/2026,Neiteesh,New,Laptop,Electronics,North,Nainital,Uttrakhand,550000,54,580000.0,30,30000,Cash,Pending
1011,1/3/2026,Neeraj,New,Keyboard,Electronics,East,Guhati,Assam,4800,44,8800.0,80,4000,Cash,Completed
1012,5/3/2026,Mayank,New,SSD,Electronics,East,Ranchi,Jharkhand,150000,33,156000.0,50,6000,Cash,Pending
1013,9/3/2026,Ankush,Existing,Pendrive,Electronics,West,Gandhinagr,Gujrat,4500,10,,5,500,UPI,Cancelled
1014,11/3/2026,Priya,New,Charger,Electronics,South,Chennai,Tamilnadu,5000,11,5500.0,5,500,UPI,Cancelled
1015,25/3/2026,Kartik,New,Table,Furniture,South,Bengluru,Karnatka,4000,5,5000.0,10,1000,Card,Pending
1016,28/3/2026,Shakshi,New,Almira,Furniture,South,Haydrabad,Telangana,20000,4,25000.0,25,5000,Card,Pending
1017,2/4/2026,Shreya,Existing,CPU,Electronics,East,Nalanda,Jharkhand,40000,44,45000.0,10,5000,Cash,Completed
1018,11/4/2026,Shrejal,New,Printer,Electronics,West,Chandigarh,Hariyana,68000,34,70000.0,20,2000,Cash,Completed
1019,20/4/2026,Nilesh,New,Scanner,Electronics,West,Karnal,Hariyana,40000,23,46000.0,25,6000,UPI,Pending
1020,25/4/2026,Madhu,New,Laptop,Electronics,West,KuruKshetra,Hariyana,95000,5,100000.0,30,5000,Cash,Completed
1021,28/4/2026,Nirmala,Existing,Chair,Furniture,East,Chandigarh,Hariyana,450,1,500.0,15,50,Cash,Completed
1022,1/5/2026,Abhishek,New,office_Chair,Unknown,North,Shrinagar,Kashmir,40000,43,43000.0,50,3000,Card,Completed
1023,2/5/2026,Govind,New,Chaire,Furniture,North,jammu,Kashmir,2800,6,3000.0,10,200,Cash,Completed
1024,5/5/2026,Arushi,New,office_Chair,Furniture,North,pulama,Kashmir,3000,5,,15,2000,Cash,Completed
1025,6/5/2026,Ansh,Existing,Laptop,Electronics,North,Shrenagar,Kashmir,55000,3,60000.0,30,5000,Cash,Completed
1026,7/5/2026,Deepak,New,Mouse,Electronics,North,Luckow,Uttar_Pradesh,600,7,700.0,10,100,UPI,Completed
1027,8/5/2026,kamlesh,New,Mouse,Electronics,East,Chhapra,Bihar,620,7,700.0,10,80,UPI,Pending
1028,9/5/2026,Kartik,New,Mouse,Electronics,East,Patna,Bihar,440,5,500.0,5,60,Cash,Completed
1029,12/5/2026,Anurag,Existing,Laptop,Electronics,West,Gandhinagr,Gujrat,59000,3,60000.0,60,1000,Cash,Completed
1030,15/5/2026,Akhilesh,New,Keyboard,Electronics,Unknown,Ahmdabad,Gujrat,1200,5,,15,300,Cash,Completed
1031,18/5/2026,Naman,New,SSD,Electronics,North,Shimla,Himanchal_Pradesh,2500,6,3000.0,30,500,Cash,Completed
1032,23/5/2026,Neetu,New,Pendrive,Electronics,North,Hamirpur,Himanchal_Pradesh,1000,5,1200.0,20,200,Cash,Completed
1033,5/6/2026,Nayna,Existing,Charger,Electronics,Unknown,Shimla,Himanchal_Pradesh,44000,77,40000.0,40,6000,UPI,Returned
1034,10/6/2026,Neiteesh,New,Table,Furniture,East,Shilong,Meghalay,7000,8,8000.0,70,1000,UPI,Returned
1035,15/6/2026,Neeraj,New,Almira,Unknown,East,Shilong,Meghalay,22000,5,25000.0,25,3000,Card,Completed
1036,15/6/2026,Mayank,New,CPU,Electronics,West,Jaypur,Rajsthan,5000,6,,60,1000,Card,Pending
1037,28/6/2026,Ankush,Existing,Printer,Electronics,South,Bhopal,Madhy_Pradesh,4700,7,7000.0,70,2300,Card,Pending
1038,30/36/2026,Priya,New,Scanner,Electronics,South,Bhopal,Madhy_Pradesh,71000,76,76000.0,75,5000,Card,Pending
1039,1/7/2026,Kartik,New,Laptop,Electronics,South,Gandhinagr,Gujrat,90000,5,100000.0,10,10000,UPI,Pending
1040,5/7/2026,Shakshi,New,Chair,Furniture,East,Kullu,Himanchal_Pradesh,2000,5,,15,500,Cash,Completed
1041,7/7/2026,Shreya,Existing,office_Chair,Furniture,West,Manali,Himanchal_Pradesh,3400,4,4000.0,40,600,Cash,Completed
1042,9/7/2026,Shrejal,New,Chaire,Unknown,West,Shimla,Himanchal_Pradesh,1920,6,2000.0,20,80,Card,Completed
1043,11/7/2026,Nilesh,New,office_Chair,Furniture,Unknown,Shilong,Meghalay,5000,6,6000.0,60,1000,Cash,Completed
1044,13/7/2026,Madhu,New,Laptop,Electronics,East,Shilong,Meghalay,130000,7,140000.0,40,10000,UPI,Returned
1045,15/7/2026,Nirmala,Existing,Mouse,Electronics,Unknown,Jaypur,Rajsthan,8000,87,8700.0,50,7000,Card,Returned
1046,18/7/2026,Abhishek,New,Mouse,Electronics,North,Bhopal,Madhy_Pradesh,450,5,,5,50,Cash,Returned
1047,20/7/2026,Govind,New,Mouse,Electronics,North,Bidisha,Madhy_Pradesh,560,6,,6,40,Card,Completed
1048,23/7/2026,Arushi,New,Laptop,Unknown,Unknown,Gandhinagr,Gujrat,2000000,56,2200000.0,20,200000,Card,Completed
1049,24/7/2026,Ansh,Existing,Keyboard,Electronics,North,Shimla,Himanchal_Pradesh,4000,7,4500.0,45,500,Cash,Completed
1050,28/7/2026,Deepak,New,SSD,Electronics,East,Patna,Bihar,20000,7,70000.0,70,5000,Cash,Completed
1004,15/01/2026,Kartik,New,Chaire,Furniture,East,Patna,Bihar,85000,34,90000.0,50,5000,Cash,Completed
1005,18/01/2026,Anurag,Existing,office_Chair,Furniture,Unknown,Chhapra,Bihar,1500,2,2000.0,5,500,Cash,Completed
1006,20/01/2026,Akhilesh,New,Laptop,Electronics,West,Nagaur,Rajsthan,6000,4,80000.0,15,2000,Cash,Completed
1007,3/2/2026,Naman,New,Mouse,Unknown,West,Jaypur,Rajsthan,2000,25,2500.0,25,500,Cash,Completed
1009,15/02/2026,Nayna,Existing,Mouse,Electronics,North,Ranikhet,Uttrakhand,150,2,200.0,10,40,UPI,Completed
